Seq_Number,Site_Number,Site_Name,Lab_Number,Refs,Outer_Date_AD,Outer_Symbol,C_Level,Got it?,bibdex
525,"NA2004",WHISTLE HOUSE,F-2139-2,NA,907,NA,1,no,NA
578,LA4169,THE OVEN SITE,OVS-1,MABRY 2000,525,#NAME?,1,no,NA
578,LA4169,THE OVEN SITE,OVS-2,MABRY 2000,528,#NAME?,1,no,NA
578,LA4169,THE OVEN SITE,OVS-3,MABRY 2000,595,#NAME?,3,no,NA
578,LA4169,THE OVEN SITE,OVS-4,MABRY 2000,571,#NAME?,1,no,NA
704,NA,WILLIAMS RANCH SITE,HAR-4514,BILLMAN AND ROBINSON 2003,896,VV,1,no,NA
939,5MT9924,NA,CVM-2458,BILLMAN AND ROBINSON 2003,1102,VV,1,no,NA
939,5MT9924,NA,CVM-2459,BILLMAN AND ROBINSON 2003,986,VV,1,no,NA
939,5MT9924,NA,CVM-2460,BILLMAN AND ROBINSON 2003,989,VV,1,no,NA
939,5MT9924,NA,CVM-2461,BILLMAN AND ROBINSON 2003,1037,#NAME?,1,no,NA
939,5MT9924,NA,CVM-2462,BILLMAN AND ROBINSON 2003,975,VV,1,no,NA
939,5MT9924,NA,CVM-2463,BILLMAN AND ROBINSON 2003,1007,VV,1,no,NA
939,5MT9924,NA,CVM-2464,BILLMAN AND ROBINSON 2003,1067,#NAME?,3,no,NA
939,5MT9924,NA,CVM-2465,BILLMAN AND ROBINSON 2003,1074,#NAME?,1,no,NA
939,5MT9924,NA,CVM-2466,BILLMAN AND ROBINSON 2003,1114,VV,1,no,NA
939,5MT9924,NA,CVM-2467,BILLMAN AND ROBINSON 2003,989,VV,1,no,NA
939,5MT9924,NA,CVM-2469,BILLMAN AND ROBINSON 2003,1053,VV,1,no,NA
939,5MT9924,NA,CVM-2470,BILLMAN AND ROBINSON 2003,944,#NAME?,1,no,NA
939,5MT9924,NA,CVM-2471,BILLMAN AND ROBINSON 2003,1052,#NAME?,1,no,NA
942,5MT10010,NA,CVM-2472,BILLMAN AND ROBINSON 2003,1037,#NAME?,1,no,NA
942,5MT10010,NA,CVM-2473,BILLMAN AND ROBINSON 2003,956,VV,1,no,NA
942,5MT10010,NA,CVM-2474,BILLMAN AND ROBINSON 2003,1014,#NAME?,1,no,NA
942,5MT10010,NA,CVM-2475,BILLMAN AND ROBINSON 2003,1066,#NAME?,1,no,NA
942,5MT10010,NA,CVM-2476,BILLMAN AND ROBINSON 2003,1071,#NAME?,1,no,NA
942,5MT10010,NA,CVM-2477,BILLMAN AND ROBINSON 2003,1007,#NAME?,1,no,NA
942,5MT10010,NA,CVM-2478,BILLMAN AND ROBINSON 2003,1114,#NAME?,1,no,NA
942,5MT10010,NA,CVM-2553,BILLMAN AND ROBINSON 2003,968,VV,1,no,NA
942,5MT10010,NA,CVM-2554,BILLMAN AND ROBINSON 2003,1089,#NAME?,1,no,NA
942,5MT10010,NA,CVM-2555,BILLMAN AND ROBINSON 2003,1005,#NAME?,1,no,NA
942,5MT10010,NA,CVM-2556,BILLMAN AND ROBINSON 2003,1053,#NAME?,1,no,NA
942,5MT10010,NA,CVM-2557,BILLMAN AND ROBINSON 2003,989,VV,1,no,NA
942,5MT10010,NA,CVM-2558,BILLMAN AND ROBINSON 2003,925,VV,1,no,NA
947,5MT9933,NA,CVM-2219,BILLMAN AND ROBINSON 2003,1198,++R,3,no,NA
947,5MT9933,NA,CVM-2222,BILLMAN AND ROBINSON 2003,1198,++R,3,no,NA
949,5MT9541,NA,CVM-2253,BILLMAN AND ROBINSON 2003,1065,VV,1,no,NA
949,5MT9541,NA,CVM-2255,BILLMAN AND ROBINSON 2003,1115,VV,1,no,NA
949,5MT9541,NA,CVM-2256,BILLMAN AND ROBINSON 2003,1069,#NAME?,1,no,NA
949,5MT9541,NA,CVM-2260,BILLMAN AND ROBINSON 2003,1231,VV,1,no,NA
949,5MT9541,NA,CVM-2261,BILLMAN AND ROBINSON 2003,1136,#NAME?,1,no,NA
949,5MT9541,NA,CVM-2263,BILLMAN AND ROBINSON 2003,1023,VV,1,no,NA
949,5MT9541,NA,CVM-2264,BILLMAN AND ROBINSON 2003,1230,#NAME?,1,no,NA
949,5MT9541,NA,CVM-2265,BILLMAN AND ROBINSON 2003,1048,VV,1,no,NA
949,5MT9541,NA,CVM-2266,BILLMAN AND ROBINSON 2003,1158,#NAME?,1,no,NA
949,5MT9541,NA,CVM-2271,BILLMAN AND ROBINSON 2003,1150,#NAME?,1,no,NA
949,5MT9541,NA,CVM-2273,BILLMAN AND ROBINSON 2003,1161,#NAME?,1,no,NA
949,5MT9541,NA,CVM-2274,BILLMAN AND ROBINSON 2003,923,VV,1,no,NA
949,5MT9541,NA,CVM-2275,BILLMAN AND ROBINSON 2003,920,VV,1,no,NA
949,5MT9541,NA,CVM-2277,BILLMAN AND ROBINSON 2003,1150,#NAME?,1,no,NA
949,5MT9541,NA,CVM-2278,BILLMAN AND ROBINSON 2003,1170,VV,1,no,NA
949,5MT9541,NA,CVM-2279,BILLMAN AND ROBINSON 2003,1091,#NAME?,1,no,NA
1356,42SA6779,LESTAKI RUIN,NBR-751,NA,1111,#NAME?,1,no,NA
1356,42SA6779,LESTAKI RUIN,NBR-756,NA,1110,#NAME?,1,no,NA
1358,42SA6961,TEEPEE RUIN,NBR-720,NA,1139,#NAME?,2,no,NA
1358,42SA6961,TEEPEE RUIN,NBR-721,NA,1204,#NAME?,2,no,NA
1358,42SA6961,TEEPEE RUIN,NBR-723,NA,1130,#NAME?,1,no,NA
1358,42SA6961,TEEPEE RUIN,NBR-725,NA,1088,#NAME?,1,no,NA
1358,42SA6961,TEEPEE RUIN,NBR-726,NA,1139,#NAME?,2,no,NA
1358,42SA6961,TEEPEE RUIN,NBR-729,NA,1154,#NAME?,2,no,NA
1358,42SA6961,TEEPEE RUIN,NBR-730,NA,1238,B,3,no,NA
1358,42SA6961,TEEPEE RUIN,NBR-731,NA,1232,B,3,no,NA
1358,42SA6961,TEEPEE RUIN,NBR-732,NA,1081,#NAME?,1,no,NA
1358,42SA6961,TEEPEE RUIN,NBR-733,NA,1122,vv,1,no,NA
1358,42SA6961,TEEPEE RUIN,NBR-734,NA,1238,B,3,no,NA
1358,42SA6961,TEEPEE RUIN,NBR-735,NA,1109,#NAME?,1,no,NA
1358,42SA6961,TEEPEE RUIN,NBR-738,NA,1079,#NAME?,1,no,NA
1358,42SA6961,TEEPEE RUIN,NBR-746,NA,1077,#NAME?,1,no,NA
1440,LA59325,SCRIBE S,CRP-100,Kintigh personal communication 2008,1238,VV,1,no,NA
1440,LA59325,SCRIBE S,CRP-102,Kintigh personal communication 2008,1261,VV,1,no,NA
1440,LA59325,SCRIBE S,CRP-105,Kintigh personal communication 2008,1224,VV,1,no,NA
1440,LA59325,SCRIBE S,CRP-115,Kintigh personal communication 2008,1265,R,3,no,NA
1440,LA59325,SCRIBE S,CRP-116,Kintigh personal communication 2008,1244,R,3,no,NA
1440,LA59325,SCRIBE S,CRP-118,Kintigh personal communication 2008,1267,R,3,no,NA
1440,LA59325,SCRIBE S,CRP-120,Kintigh personal communication 2008,1266,VV,1,no,NA
1440,LA59325,SCRIBE S,CRP-122,Kintigh personal communication 2008,1236,VV,1,no,NA
1440,LA59325,SCRIBE S,CRP-123,Kintigh personal communication 2008,1245,R,3,no,NA
1440,LA59325,SCRIBE S,CRP-125,Kintigh personal communication 2008,1260,VV,1,no,NA
1440,LA59325,SCRIBE S,CRP-126,Kintigh personal communication 2008,1240,R,3,no,NA
1440,LA59325,SCRIBE S,CRP-129,Kintigh personal communication 2008,1265,VV,1,no,NA
1440,LA59325,SCRIBE S,CRP-132,Kintigh personal communication 2008,1202,VV,1,no,NA
1440,LA59325,SCRIBE S,CRP-137,Kintigh personal communication 2008,1202,VV,1,no,NA
1440,LA59325,SCRIBE S,CRP-148,Kintigh personal communication 2008,1211,R,3,no,NA
1440,LA59325,SCRIBE S,CRP-150,Kintigh personal communication 2008,1207,VV,1,no,NA
1440,LA59325,SCRIBE S,CRP-151,Kintigh personal communication 2008,1130,VV,1,no,NA
1440,LA59325,SCRIBE S,CRP-153,Kintigh personal communication 2008,1264,VV,1,no,NA
1440,LA59325,SCRIBE S,CRP-158,Kintigh personal communication 2008,1264,VV,1,no,NA
1440,LA59325,SCRIBE S,CRP-159,Kintigh personal communication 2008,1246,R,3,no,NA
1440,LA59325,SCRIBE S,CRP-160,Kintigh personal communication 2008,1238,R,3,no,NA
1440,LA59325,SCRIBE S,CRP-161,Kintigh personal communication 2008,1211,VV,1,no,NA
1440,LA59325,SCRIBE S,CRP-162,Kintigh personal communication 2008,1247,RB,3,no,NA
1440,LA59325,SCRIBE S,CRP-163,Kintigh personal communication 2008,1210,VV,1,no,NA
1440,LA59325,SCRIBE S,CRP-171,Kintigh personal communication 2008,1266,VV,1,no,NA
1440,LA59325,SCRIBE S,CRP-175,Kintigh personal communication 2008,1262,VV,1,no,NA
1440,LA59325,SCRIBE S,CRP-177,Kintigh personal communication 2008,1249,R,3,no,NA
1440,LA59325,SCRIBE S,CRP-184,Kintigh personal communication 2008,1211,R,3,no,NA
1440,LA59325,SCRIBE S,CRP-187,Kintigh personal communication 2008,1254,#NAME?,1,no,NA
1440,LA59325,SCRIBE S,CRP-193,Kintigh personal communication 2008,1149,VV,1,no,NA
1440,LA59325,SCRIBE S,CRP-196,Kintigh personal communication 2008,1216,#NAME?,1,no,NA
1440,LA59325,SCRIBE S,CRP-199,Kintigh personal communication 2008,1269,VV,1,no,NA
1440,LA59325,SCRIBE S,CRP-202,Kintigh personal communication 2008,1179,VV,1,no,NA
1440,LA59325,SCRIBE S,CRP-204,Kintigh personal communication 2008,1255,VV,1,no,NA
1440,LA59325,SCRIBE S,CRP-206,Kintigh personal communication 2008,1222,VV,1,no,NA
1440,LA59325,SCRIBE S,CRP-208,Kintigh personal communication 2008,1231,#NAME?,1,no,NA
1440,LA59325,SCRIBE S,CRP-210,Kintigh personal communication 2008,1250,VV,1,no,NA
1440,LA59325,SCRIBE S,CRP-211,Kintigh personal communication 2008,1152,VV,1,no,NA
1440,LA59325,SCRIBE S,CRP-214,Kintigh personal communication 2008,1136,VV,1,no,NA
1440,LA59325,SCRIBE S,CRP-217,Kintigh personal communication 2008,1264,VV,1,no,NA
1440,LA59325,SCRIBE S,CRP-220,Kintigh personal communication 2008,1164,VV,1,no,NA
1440,LA59325,SCRIBE S,CRP-223,Kintigh personal communication 2008,1261,VV,1,no,NA
1440,LA59325,SCRIBE S,CRP-224,Kintigh personal communication 2008,1252,#NAME?,3,no,NA
1440,LA59325,SCRIBE S,CRP-225,Kintigh personal communication 2008,1230,VV,1,no,NA
1440,LA59325,SCRIBE S,CRP-226,Kintigh personal communication 2008,1264,R,3,no,NA
1440,LA59325,SCRIBE S,CRP-228,Kintigh personal communication 2008,1264,RB,3,no,NA
1440,LA59325,SCRIBE S,CRP-229,Kintigh personal communication 2008,1256,RB,3,no,NA
1440,LA59325,SCRIBE S,CRP-231,Kintigh personal communication 2008,1265,VV,1,no,NA
1440,LA59325,SCRIBE S,CRP-232,Kintigh personal communication 2008,1235,VV,1,no,NA
1440,LA59325,SCRIBE S,CRP-235,Kintigh personal communication 2008,1160,VV,1,no,NA
1440,LA59325,SCRIBE S,CRP-237,Kintigh personal communication 2008,1228,RB,3,no,NA
1440,LA59325,SCRIBE S,CRP-239,Kintigh personal communication 2008,1264,RB,3,no,NA
1440,LA59325,SCRIBE S,CRP-240,Kintigh personal communication 2008,1256,RB,3,no,NA
1440,LA59325,SCRIBE S,CRP-241,Kintigh personal communication 2008,1265,R,3,no,NA
1440,LA59325,SCRIBE S,CRP-243,Kintigh personal communication 2008,1275,VV,1,no,NA
1440,LA59325,SCRIBE S,CRP-245,Kintigh personal communication 2008,1264,V,2,no,NA
1440,LA59325,SCRIBE S,CRP-250,Kintigh personal communication 2008,1197,VV,1,no,NA
1440,LA59325,SCRIBE S,CRP-253,Kintigh personal communication 2008,1192,VV,1,no,NA
1440,LA59325,SCRIBE S,CRP-254,Kintigh personal communication 2008,1260,#NAME?,1,no,NA
1440,LA59325,SCRIBE S,CRP-257,Kintigh personal communication 2008,1265,RB,3,no,NA
1440,LA59325,SCRIBE S,CRP-259,Kintigh personal communication 2008,1255,#NAME?,2,no,NA
1440,LA59325,SCRIBE S,CRP-260,Kintigh personal communication 2008,1240,R,3,no,NA
1440,LA59325,SCRIBE S,CRP-264,Kintigh personal communication 2008,1244,R,3,no,NA
1440,LA59325,SCRIBE S,CRP-265,Kintigh personal communication 2008,1240,R,3,no,NA
1440,LA59325,SCRIBE S,CRP-269,Kintigh personal communication 2008,1170,VV,1,no,NA
1440,LA59325,SCRIBE S,CRP-270,Kintigh personal communication 2008,1256,RB,3,no,NA
1440,LA59325,SCRIBE S,CRP-271,Kintigh personal communication 2008,1275,R,3,no,NA
1440,LA59325,SCRIBE S,CRP-272,Kintigh personal communication 2008,1007,VV,1,no,NA
1440,LA59325,SCRIBE S,CRP-273,Kintigh personal communication 2008,1180,VV,1,no,NA
1440,LA59325,SCRIBE S,CRP-274,Kintigh personal communication 2008,1206,VV,1,no,NA
1440,LA59325,SCRIBE S,CRP-275,Kintigh personal communication 2008,1244,VV,1,no,NA
1440,LA59325,SCRIBE S,CRP-279,Kintigh personal communication 2008,1175,VV,1,no,NA
1440,LA59325,SCRIBE S,CRP-281,Kintigh personal communication 2008,1164,VV,1,no,NA
1440,LA59325,SCRIBE S,CRP-282,Kintigh personal communication 2008,1250,R,3,no,NA
1440,LA59325,SCRIBE S,CRP-287,Kintigh personal communication 2008,1265,VV,1,no,NA
1440,LA59325,SCRIBE S,CRP-288,Kintigh personal communication 2008,1258,VV,1,no,NA
1440,LA59325,SCRIBE S,CRP-289,Kintigh personal communication 2008,1273,RB,3,no,NA
1440,LA59325,SCRIBE S,CRP-291,Kintigh personal communication 2008,1267,V,2,no,NA
1440,LA59325,SCRIBE S,CRP-293,Kintigh personal communication 2008,1252,VV,1,no,NA
1440,LA59325,SCRIBE S,CRP-294,Kintigh personal communication 2008,1264,V,2,no,NA
1440,LA59325,SCRIBE S,CRP-295,Kintigh personal communication 2008,1249,VV,1,no,NA
1440,LA59325,SCRIBE S,CRP-296,Kintigh personal communication 2008,1247,VV,1,no,NA
1440,LA59325,SCRIBE S,CRP-297,Kintigh personal communication 2008,1243,VV,1,no,NA
1440,LA59325,SCRIBE S,CRP-298,Kintigh personal communication 2008,1263,V,2,no,NA
1440,LA59325,SCRIBE S,CRP-299,Kintigh personal communication 2008,1211,RB,3,no,NA
1440,LA59325,SCRIBE S,CRP-300,Kintigh personal communication 2008,1256,#NAME?,1,no,NA
1440,LA59325,SCRIBE S,CRP-301,Kintigh personal communication 2008,1276,RB,3,no,NA
1440,LA59325,SCRIBE S,CRP-303,Kintigh personal communication 2008,1265,#NAME?,2,no,NA
1440,LA59325,SCRIBE S,CRP-306,Kintigh personal communication 2008,1276,RB,3,no,NA
1440,LA59325,SCRIBE S,CRP-308,Kintigh personal communication 2008,1235,R,3,no,NA
1440,LA59325,SCRIBE S,CRP-314,Kintigh personal communication 2008,1203,VV,1,no,NA
1440,LA59325,SCRIBE S,CRP-315,Kintigh personal communication 2008,1117,VV,1,no,NA
1440,LA59325,SCRIBE S,CRP-318,Kintigh personal communication 2008,1072,VV,1,no,NA
1440,LA59325,SCRIBE S,CRP-319,Kintigh personal communication 2008,1276,RB,3,no,NA
1440,LA59325,SCRIBE S,CRP-322,Kintigh personal communication 2008,1253,R,3,no,NA
1440,LA59325,SCRIBE S,CRP-323,Kintigh personal communication 2008,1228,VV,1,no,NA
1440,LA59325,SCRIBE S,CRP-324,Kintigh personal communication 2008,1233,VV,1,no,NA
1440,LA59325,SCRIBE S,CRP-326,Kintigh personal communication 2008,1240,VV,1,no,NA
1440,LA59325,SCRIBE S,CRP-327,Kintigh personal communication 2008,1209,VV,1,no,NA
1440,LA59325,SCRIBE S,CRP-328,Kintigh personal communication 2008,1200,VV,1,no,NA
1440,LA59325,SCRIBE S,CRP-329,Kintigh personal communication 2008,1275,R,3,no,NA
1440,LA59325,SCRIBE S,CRP-62,Kintigh personal communication 2008,1230,VV,1,no,NA
1440,LA59325,SCRIBE S,CRP-63,Kintigh personal communication 2008,1264,R,3,no,NA
1440,LA59325,SCRIBE S,CRP-64,Kintigh personal communication 2008,1226,VV,1,no,NA
1440,LA59325,SCRIBE S,CRP-65,Kintigh personal communication 2008,1264,R,3,no,NA
1440,LA59325,SCRIBE S,CRP-68,Kintigh personal communication 2008,1264,R,3,no,NA
1440,LA59325,SCRIBE S,CRP-69,Kintigh personal communication 2008,1228,+R,3,no,NA
1440,LA59325,SCRIBE S,CRP-70,Kintigh personal communication 2008,1265,R,3,no,NA
1440,LA59325,SCRIBE S,CRP-73,Kintigh personal communication 2008,1231,VV,1,no,NA
1440,LA59325,SCRIBE S,CRP-74,Kintigh personal communication 2008,1242,R,3,no,NA
1440,LA59325,SCRIBE S,CRP-76,Kintigh personal communication 2008,1229,VV,1,no,NA
1440,LA59325,SCRIBE S,CRP-77,Kintigh personal communication 2008,1232,VV,1,no,NA
1440,LA59325,SCRIBE S,CRP-78,Kintigh personal communication 2008,1267,R,3,no,NA
1440,LA59325,SCRIBE S,CRP-79,Kintigh personal communication 2008,1226,VV,1,no,NA
1440,LA59325,SCRIBE S,CRP-86,Kintigh personal communication 2008,1240,RB,3,no,NA
1440,LA59325,SCRIBE S,CRP-88,Kintigh personal communication 2008,1261,VV,1,no,NA
1440,LA59325,SCRIBE S,CRP-91,Kintigh personal communication 2008,1229,VV,1,no,NA
1440,LA59325,SCRIBE S,CRP-95,Kintigh personal communication 2008,1219,VV,1,no,NA
1440,LA59325,SCRIBE S,CRP-97,Kintigh personal communication 2008,1157,VV,1,no,NA
1441,LA1585,PM,CRP-138,Kintigh personal communication 2008,1281,VV,1,no,NA
1441,LA1585,PM,CRP-16,Kintigh personal communication 2008,1264,VV,1,no,NA
1441,LA1585,PM,CRP-18,Kintigh personal communication 2008,1249,VV,1,no,NA
1441,LA1585,PM,CRP-19,Kintigh personal communication 2008,1282,VV,1,no,NA
1441,LA1585,PM,CRP-20,Kintigh personal communication 2008,1277,#NAME?,1,no,NA
1441,LA1585,PM,CRP-22,Kintigh personal communication 2008,1285,#NAME?,1,no,NA
1441,LA1585,PM,CRP-23,Kintigh personal communication 2008,1260,VV,1,no,NA
1441,LA1585,PM,CRP-33,Kintigh personal communication 2008,1278,VV,1,no,NA
1441,LA1585,PM,CRP-333,Kintigh personal communication 2008,1087,VV,1,no,NA
1441,LA1585,PM,CRP-335,Kintigh personal communication 2008,1262,VV,1,no,NA
1441,LA1585,PM,CRP-336,Kintigh personal communication 2008,1198,VV,1,no,NA
1441,LA1585,PM,CRP-337,Kintigh personal communication 2008,1280,VV,1,no,NA
1441,LA1585,PM,CRP-338,Kintigh personal communication 2008,1274,VV,1,no,NA
1441,LA1585,PM,CRP-34,Kintigh personal communication 2008,1287,VV,1,no,NA
1441,LA1585,PM,CRP-340,Kintigh personal communication 2008,1096,VV,1,no,NA
1441,LA1585,PM,CRP-341,Kintigh personal communication 2008,1203,VV,1,no,NA
1441,LA1585,PM,CRP-342,Kintigh personal communication 2008,1178,VV,1,no,NA
1441,LA1585,PM,CRP-344,Kintigh personal communication 2008,1096,VV,1,no,NA
1441,LA1585,PM,CRP-345,Kintigh personal communication 2008,1284,VV,1,no,NA
1441,LA1585,PM,CRP-347,Kintigh personal communication 2008,1154,VV,1,no,NA
1441,LA1585,PM,CRP-348,Kintigh personal communication 2008,1264,VV,1,no,NA
1441,LA1585,PM,CRP-349,Kintigh personal communication 2008,1271,VV,1,no,NA
1441,LA1585,PM,CRP-350,Kintigh personal communication 2008,1266,VV,1,no,NA
1441,LA1585,PM,CRP-351,Kintigh personal communication 2008,1228,VV,1,no,NA
1441,LA1585,PM,CRP-352,Kintigh personal communication 2008,1245,VV,1,no,NA
1441,LA1585,PM,CRP-354,Kintigh personal communication 2008,1262,VV,1,no,NA
1441,LA1585,PM,CRP-356,Kintigh personal communication 2008,1185,VV,1,no,NA
1441,LA1585,PM,CRP-41,Kintigh personal communication 2008,1288,V,2,no,NA
1441,LA1585,PM,CRP-41A,Kintigh personal communication 2008,1246,VV,1,no,NA
1441,LA1585,PM,CRP-44,Kintigh personal communication 2008,1284,#NAME?,3,no,NA
1441,LA1585,PM,CRP-49,Kintigh personal communication 2008,1280,#NAME?,1,no,NA
1441,LA1585,PM,CRP-5,Kintigh personal communication 2008,1263,#NAME?,1,no,NA
1441,LA1585,PM,CRP-55,Kintigh personal communication 2008,1188,VV,1,no,NA
1441,LA1585,PM,CRP-29,KK spreadsheet,1278,vv,1,no,NA
1442,LA427,TINAJA,CRP-141,Kintigh personal communication 2008,1265,VV,1,no,NA
1442,LA427,TINAJA,CRP-142,Kintigh personal communication 2008,1246,VV,1,no,NA
1442,LA427,TINAJA,CRP-434,Kintigh personal communication 2008,1262,VV,1,no,NA
1442,LA427,TINAJA,CRP-436,Kintigh personal communication 2008,1270,VV,1,no,NA
1442,LA427,TINAJA,CRP-437,Kintigh personal communication 2008,1251,VV,1,no,NA
1442,LA427,TINAJA,CRP-440,Kintigh personal communication 2008,1270,RB,3,no,NA
1442,LA427,TINAJA,CRP-443,Kintigh personal communication 2008,1204,VV,1,no,NA
1442,LA427,TINAJA,CRP-445,Kintigh personal communication 2008,1284,RB,3,no,NA
1442,LA427,TINAJA,CRP-446,Kintigh personal communication 2008,1142,VV,1,no,NA
1442,LA427,TINAJA,CRP-448,Kintigh personal communication 2008,1119,VV,1,no,NA
1442,LA427,TINAJA,CRP-451,Kintigh personal communication 2008,1167,VV,1,no,NA
1442,LA427,TINAJA,CRP-452,Kintigh personal communication 2008,1173,VV,1,no,NA
1442,LA427,TINAJA,CRP-453,Kintigh personal communication 2008,1030,VV,1,no,NA
1442,LA427,TINAJA,CRP-454,Kintigh personal communication 2008,1234,VV,1,no,NA
1442,LA427,TINAJA,CRR-455,Kintigh personal communication 2008,1269,VV,1,no,NA
1444,LA426,MIRABAL,CRP-403,Kintigh personal communication 2008,1267,VV,1,no,NA
1444,LA426,MIRABAL,CRP-405,Kintigh personal communication 2008,1255,VV,1,no,NA
1444,LA426,MIRABAL,CRP-406,Kintigh personal communication 2008,1205,VV,1,no,NA
1444,LA426,MIRABAL,CRP-407,Kintigh personal communication 2008,1286,RB,3,no,NA
1444,LA426,MIRABAL,CRP-410,Kintigh personal communication 2008,1228,VV,1,no,NA
1444,LA426,MIRABAL,CRP-412,Kintigh personal communication 2008,1229,VV,1,no,NA
1444,LA426,MIRABAL,CRP-413,Kintigh personal communication 2008,1258,VV,1,no,NA
1444,LA426,MIRABAL,CRP-417,Kintigh personal communication 2008,1153,VV,1,no,NA
1444,LA426,MIRABAL,CRP-420,Kintigh personal communication 2008,1184,VV,1,no,NA
1444,LA426,MIRABAL,CRP-422,Kintigh personal communication 2008,1283,RB,3,no,NA
1444,LA426,MIRABAL,CRP-423,Kintigh personal communication 2008,1262,VV,1,no,NA
1444,LA426,MIRABAL,CRP-424,Kintigh personal communication 2008,1176,VV,1,no,NA
1444,LA426,MIRABAL,CRP-425,Kintigh personal communication 2008,1190,VV,1,no,NA
1444,LA426,MIRABAL,CRP-426,Kintigh personal communication 2008,1247,VV,1,no,NA
1444,LA426,MIRABAL,CRP-427,Kintigh personal communication 2008,1285,R,3,no,NA
1444,LA426,MIRABAL,CRP-428,Kintigh personal communication 2008,1239,VV,1,no,NA
1444,LA426,MIRABAL,CRP-429,Kintigh personal communication 2008,1141,VV,1,no,NA
1444,LA426,MIRABAL,CRP-431,Kintigh personal communication 2008,1270,VV,1,no,NA
1444,LA426,MIRABAL,CRP-432,Kintigh personal communication 2008,1279,RB,3,no,NA
1444,LA426,MIRABAL,CRP-433,Kintigh personal communication 2008,1260,#NAME?,3,no,NA
1445,LA430,North NATSINNA,CRP-456,Kintigh personal communication 2008,1172,VV,1,no,NA
1446,LA99,ATSINNA,CRP-457,Kintigh personal communication 2008,1212,VV,1,no,NA
1446,LA99,ATSINNA,CRP-458,Kintigh personal communication 2008,1242,#NAME?,1,no,NA
1446,LA99,ATSINNA,CRP-459,Kintigh personal communication 2008,1288,R,3,no,NA
1446,LA99,ATSINNA,CRP-460,Kintigh personal communication 2008,1276,VV,1,no,NA
1446,LA99,ATSINNA,CRP-461,Kintigh personal communication 2008,1232,VV,1,no,NA
1446,LA99,ATSINNA,CRP-462,Kintigh personal communication 2008,1276,VV,1,no,NA
1446,LA99,ATSINNA,CRP-464,Kintigh personal communication 2008,1257,#NAME?,1,no,NA
1446,LA99,ATSINNA,CRP-465,Kintigh personal communication 2008,1273,VV,1,no,NA
1446,LA99,ATSINNA,CRP-466,Kintigh personal communication 2008,1287,VV,1,no,NA
1446,LA99,ATSINNA,CRP-467,Kintigh personal communication 2008,1272,VV,1,no,NA
1446,LA99,ATSINNA,CRP-468,Kintigh personal communication 2008,1171,VV,1,no,NA
1446,LA99,ATSINNA,CRP-469,Kintigh personal communication 2008,1179,VV,1,no,NA
1446,LA99,ATSINNA,CRP-470,Kintigh personal communication 2008,1279,VV,1,no,NA
1446,LA99,ATSINNA,CRP-471,Kintigh personal communication 2008,1260,VV,1,no,NA
1446,LA99,ATSINNA,CRP-472,Kintigh personal communication 2008,1277,VV,1,no,NA
1446,LA99,ATSINNA,CRP-473,Kintigh personal communication 2008,1236,VV,1,no,NA
1446,LA99,ATSINNA,CRP-475,Kintigh personal communication 2008,1260,VV,1,no,NA
1446,LA99,ATSINNA,CRP-476,Kintigh personal communication 2008,1287,V,2,no,NA
1446,LA99,ATSINNA,CRP-477,Kintigh personal communication 2008,1183,VV,1,no,NA
1446,LA99,ATSINNA,CRP-478,Kintigh personal communication 2008,1118,VV,1,no,NA
1446,LA99,ATSINNA,CRP-479,Kintigh personal communication 2008,1059,VV,1,no,NA
1446,LA99,ATSINNA,ELM-39,Kintigh personal communication 2008,1300,VV,1,no,NA
1446,LA99,ATSINNA,ELM-40,Kintigh personal communication 2008,1300,VV,1,no,NA
1446,LA99,ATSINNA,ELM-41,Kintigh personal communication 2008,1266,VV,1,no,NA
1446,LA99,ATSINNA,ELM-43,Kintigh personal communication 2008,1273,VV,1,no,NA
1446,LA99,ATSINNA,ELM-44,Kintigh personal communication 2008,1277,VV,1,no,NA
1446,LA99,ATSINNA,ELM-46,Kintigh personal communication 2008,1312,V,2,no,NA
1446,LA99,ATSINNA,ELM-50,Kintigh personal communication 2008,1229,VV,1,no,NA
1446,LA99,ATSINNA,ELM-51,Kintigh personal communication 2008,1177,#NAME?,1,no,NA
1446,LA99,ATSINNA,ELM-52,Kintigh personal communication 2008,1349,VV,1,no,NA
1446,LA99,ATSINNA,ELM-53,Kintigh personal communication 2008,1249,VV,1,no,NA
1446,LA99,ATSINNA,ELM-55,Kintigh personal communication 2008,1200,VV,1,no,NA
1446,LA99,ATSINNA,ELM-59,Kintigh personal communication 2008,1274,RG,3,no,NA
1446,LA99,ATSINNA,ELM-60,Kintigh personal communication 2008,1299,#NAME?,2,no,NA
1446,LA99,ATSINNA,ELM-61,Kintigh personal communication 2008,1231,VV,1,no,NA
1446,LA99,ATSINNA,ELM-65,Kintigh personal communication 2008,1294,#NAME?,1,no,NA
1447,LA2114,HESHOTAUTHLA,ZUN-1522,Kintigh personal communication 2008,1116,VV,1,no,NA
1447,LA2114,HESHOTAUTHLA,ZUN-1524,Kintigh personal communication 2008,1262,VV,1,no,NA
1447,LA2114,HESHOTAUTHLA,ZUN-1526,Kintigh personal communication 2008,1165,VV,1,no,NA
1447,LA2114,HESHOTAUTHLA,ZUN-1527,Kintigh personal communication 2008,1275,#NAME?,1,no,NA
1447,LA2114,HESHOTAUTHLA,ZUN-1528,Kintigh personal communication 2008,1145,VV,1,no,NA
1447,LA2114,HESHOTAUTHLA,ZUN-1530,Kintigh personal communication 2008,1286,VV,1,no,NA
1447,LA2114,HESHOTAUTHLA,ZUN-1532,Kintigh personal communication 2008,1236,VV,1,no,NA
1447,LA2114,HESHOTAUTHLA,ZUN-1535,Kintigh personal communication 2008,1286,VV,1,no,NA
1447,LA2114,HESHOTAUTHLA,ZUN-1589,Kintigh personal communication 2008,1265,VV,1,no,NA
1447,LA2114,HESHOTAUTHLA,ZUN-1591,Kintigh personal communication 2008,1291,#NAME?,1,no,NA
1447,LA2114,HESHOTAUTHLA,ZUN-1592,Kintigh personal communication 2008,1247,VV,1,no,NA
1448,LA56159,GIGANTES,ELM-68,Kintigh personal communication 2008,1253,R,3,no,NA
1448,LA56159,GIGANTES,ELM-73,Kintigh personal communication 2008,1264,VV,1,no,NA
1448,LA56159,GIGANTES,ELM-75,Kintigh personal communication 2008,1264,V,2,no,NA
1448,LA56159,GIGANTES,ELM-76,Kintigh personal communication 2008,1270,R,3,no,NA
1448,LA56159,GIGANTES,ELM-77,Kintigh personal communication 2008,1253,VV,1,no,NA
1448,LA56159,GIGANTES,ELM-78,Kintigh personal communication 2008,1254,#NAME?,1,no,NA
1448,LA56159,GIGANTES,ELM-79,Kintigh personal communication 2008,1266,VV,1,no,NA
1448,LA56159,GIGANTES,ELM-82,Kintigh personal communication 2008,1269,#NAME?,1,no,NA
1448,LA56159,GIGANTES,ELM-83,Kintigh personal communication 2008,1263,VV,1,no,NA
1448,LA56159,GIGANTES,ELM-84,Kintigh personal communication 2008,1235,VV,1,no,NA
1448,LA56159,GIGANTES,ELM-85,Kintigh personal communication 2008,1247,VV,1,no,NA
1449,5MT11861,DEAD DOG HAMLET,CVM-1713,CHENAULT ET AL. 2004,649,#NAME?,3,no,NA
1449,5MT11861,DEAD DOG HAMLET,CVM-1714,CHENAULT ET AL. 2004,681,V,2,no,NA
1449,5MT11861,DEAD DOG HAMLET,CVM-1715,CHENAULT ET AL. 2004,648,#NAME?,3,no,NA
1449,5MT11861,DEAD DOG HAMLET,CVM-1716,CHENAULT ET AL. 2004,648,#NAME?,2,no,NA
1449,5MT11861,DEAD DOG HAMLET,CVM-1717,CHENAULT ET AL. 2004,644,RG,3,no,NA
1449,5MT11861,DEAD DOG HAMLET,CVM-1718,CHENAULT ET AL. 2004,652,VV,1,no,NA
1449,5MT11861,DEAD DOG HAMLET,CVM-1719,CHENAULT ET AL. 2004,562,#NAME?,1,no,NA
1449,5MT11861,DEAD DOG HAMLET,CVM-1720,CHENAULT ET AL. 2004,674,RG,3,no,NA
1449,5MT11861,DEAD DOG HAMLET,CVM-1721,CHENAULT ET AL. 2004,680,RGB,3,no,NA
1449,5MT11861,DEAD DOG HAMLET,CVM-1722,CHENAULT ET AL. 2004,659,R,3,no,NA
1449,5MT11861,DEAD DOG HAMLET,CVM-1723,CHENAULT ET AL. 2004,643,#NAME?,3,no,NA
1449,5MT11861,DEAD DOG HAMLET,CVM-1728,CHENAULT ET AL. 2004,649,+R,3,no,NA
1449,5MT11861,DEAD DOG HAMLET,CVM-1729,CHENAULT ET AL. 2004,679,RB,3,no,NA
1449,5MT11861,DEAD DOG HAMLET,CVM-1731,CHENAULT ET AL. 2004,571,VV,1,no,NA
1449,5MT11861,DEAD DOG HAMLET,CVM-1732,CHENAULT ET AL. 2004,544,VV,1,no,NA
1449,5MT11861,DEAD DOG HAMLET,CVM-1733,CHENAULT ET AL. 2004,649,#NAME?,3,no,NA
1449,5MT11861,DEAD DOG HAMLET,CVM-1735,CHENAULT ET AL. 2004,676,V,2,no,NA
1449,5MT11861,DEAD DOG HAMLET,CVM-1736,CHENAULT ET AL. 2004,649,+R,3,no,NA
1449,5MT11861,DEAD DOG HAMLET,CVM-1737,CHENAULT ET AL. 2004,657,#NAME?,1,no,NA
1449,5MT11861,DEAD DOG HAMLET,CVM-1738,CHENAULT ET AL. 2004,648,#NAME?,1,no,NA
1449,5MT11861,DEAD DOG HAMLET,CVM-1739,CHENAULT ET AL. 2004,628,VV,1,no,NA
1450,5MT7522,HUMMING BIRD PUEBLO,CVM-2526,CHENAULT ET AL. 2004,804,VV,1,no,NA
1450,5MT7522,HUMMING BIRD PUEBLO,CVM-2563,CHENAULT ET AL. 2004,869,#NAME?,1,no,NA
1450,5MT7522,HUMMING BIRD PUEBLO,CVM-2565,CHENAULT ET AL. 2004,1142,VV,1,no,NA
1450,5MT7522,HUMMING BIRD PUEBLO,CVM-2566A,CHENAULT ET AL. 2004,1114,VV,1,no,NA
1450,5MT7522,HUMMING BIRD PUEBLO,CVM-2567,CHENAULT ET AL. 2004,1061,VV,1,no,NA
1451,5MT9168,RABBIT SITE,CVM-1691,CHENAULT ET AL. 2004,567,#NAME?,1,no,NA
1451,5MT9168,RABBIT SITE,CVM-1701,CHENAULT ET AL. 2004,562,#NAME?,1,no,NA
1451,5MT9168,RABBIT SITE,CVM-1708,CHENAULT ET AL. 2004,556,#NAME?,1,no,NA
1451,5MT9168,RABBIT SITE,CVM-1709,CHENAULT ET AL. 2004,531,VV,1,no,NA
1451,5MT9168,RABBIT SITE,CVM-1710,CHENAULT ET AL. 2004,584,VV,1,no,NA
1452,5MT2564,NA,CVM-1829,BILLMAN AND ROBINSON 2003,1006,#NAME?,1,no,NA
1452,5MT2564,NA,CVM-1830,BILLMAN AND ROBINSON 2003,985,#NAME?,1,no,NA
1452,5MT2564,NA,CVM-1834,BILLMAN AND ROBINSON 2003,905,#NAME?,1,no,NA
1452,5MT2564,NA,CVM-1835,BILLMAN AND ROBINSON 2003,1047,#NAME?,1,no,NA
1452,5MT2564,NA,CVM-1836,BILLMAN AND ROBINSON 2003,997,VV,1,no,NA
1453,5MT9949,NA,CVM-1843,BILLMAN AND ROBINSON 2003,636,#NAME?,1,no,NA
1453,5MT9949,NA,CVM-1844,BILLMAN AND ROBINSON 2003,695,R,3,no,NA
1453,5MT9949,NA,CVM-1846,BILLMAN AND ROBINSON 2003,695,R,3,no,NA
1453,5MT9949,NA,CVM-1849,BILLMAN AND ROBINSON 2003,696,V,2,no,NA
1453,5MT9949,NA,CVM-1854,BILLMAN AND ROBINSON 2003,694,#NAME?,1,no,NA
1453,5MT9949,NA,CVM-1855,BILLMAN AND ROBINSON 2003,691,+R,3,no,NA
1454,5MT8653,NA,CVM-1590,BILLMAN AND ROBINSON 2003,1027,VV,1,no,NA
1454,5MT8653,NA,CVM-1591,BILLMAN AND ROBINSON 2003,1046,#NAME?,1,no,NA
1454,5MT8653,NA,CVM-1593,BILLMAN AND ROBINSON 2003,1058,R,3,no,NA
1454,5MT8653,NA,CVM-1595,BILLMAN AND ROBINSON 2003,1045,#NAME?,3,no,NA
1454,5MT8653,NA,CVM-1597,BILLMAN AND ROBINSON 2003,1016,#NAME?,1,no,NA
1454,5MT8653,NA,CVM-1598,BILLMAN AND ROBINSON 2003,1056,++R,3,no,NA
1454,5MT8653,NA,CVM-1601,BILLMAN AND ROBINSON 2003,936,#NAME?,1,no,NA
1454,5MT8653,NA,CVM-1609,BILLMAN AND ROBINSON 2003,847,#NAME?,1,no,NA
1454,5MT8653,NA,CVM-1610,BILLMAN AND ROBINSON 2003,794,VV,1,no,NA
1454,5MT8653,NA,CVM-1611,BILLMAN AND ROBINSON 2003,936,#NAME?,1,no,NA
1454,5MT8653,NA,CVM-1614,BILLMAN AND ROBINSON 2003,935,VV,1,no,NA
1455,5MT9863,NA,CVM-1618,BILLMAN AND ROBINSON 2003,1060,RB,3,no,NA
1455,5MT9863,NA,CVM-1619,BILLMAN AND ROBINSON 2003,979,+R,3,no,NA
1455,5MT9863,NA,CVM-1620,BILLMAN AND ROBINSON 2003,1038,#NAME?,3,no,NA
1455,5MT9863,NA,CVM-1621,BILLMAN AND ROBINSON 2003,1063,R,3,no,NA
1455,5MT9863,NA,CVM-1622,BILLMAN AND ROBINSON 2003,1061,R,3,no,NA
1455,5MT9863,NA,CVM-1623,BILLMAN AND ROBINSON 2003,1064,RB,3,no,NA
1455,5MT9863,NA,CVM-1625,BILLMAN AND ROBINSON 2003,1040,++R,3,no,NA
1455,5MT9863,NA,CVM-1626,BILLMAN AND ROBINSON 2003,1061,RB,3,no,NA
1455,5MT9863,NA,CVM-1627,BILLMAN AND ROBINSON 2003,944,#NAME?,3,no,NA
1455,5MT9863,NA,CVM-1628,BILLMAN AND ROBINSON 2003,1061,R,3,no,NA
1455,5MT9863,NA,CVM-1629,BILLMAN AND ROBINSON 2003,1063,R,3,no,NA
1455,5MT9863,NA,CVM-1630,BILLMAN AND ROBINSON 2003,1061,R,3,no,NA
1455,5MT9863,NA,CVM-1634,BILLMAN AND ROBINSON 2003,977,#NAME?,2,no,NA
1455,5MT9863,NA,CVM-1635,BILLMAN AND ROBINSON 2003,1054,VV,1,no,NA
1455,5MT9863,NA,CVM-1636,BILLMAN AND ROBINSON 2003,1060,RB,3,no,NA
1455,5MT9863,NA,CVM-1640,BILLMAN AND ROBINSON 2003,652,#NAME?,1,no,NA
1455,5MT9863,NA,CVM-1644,BILLMAN AND ROBINSON 2003,689,VV,1,no,NA
1456,5MT9873,NA,CVM-1646,BILLMAN AND ROBINSON 2003,859,VV,1,no,NA
1456,5MT9873,NA,CVM-1647,BILLMAN AND ROBINSON 2003,971,#NAME?,3,no,NA
1456,5MT9873,NA,CVM-1648,BILLMAN AND ROBINSON 2003,1061,R,3,no,NA
1456,5MT9873,NA,CVM-1649,BILLMAN AND ROBINSON 2003,1053,VV,1,no,NA
1456,5MT9873,NA,CVM-1650,BILLMAN AND ROBINSON 2003,948,#NAME?,1,no,NA
1456,5MT9873,NA,CVM-1651,BILLMAN AND ROBINSON 2003,1054,VV,1,no,NA
1456,5MT9873,NA,CVM-1652,BILLMAN AND ROBINSON 2003,1056,#NAME?,3,no,NA
1456,5MT9873,NA,CVM-1653,BILLMAN AND ROBINSON 2003,1049,++R,3,no,NA
1456,5MT9873,NA,CVM-1654,BILLMAN AND ROBINSON 2003,1047,#NAME?,1,no,NA
1456,5MT9873,NA,CVM-1655,BILLMAN AND ROBINSON 2003,1045,V,2,no,NA
1456,5MT9873,NA,CVM-1656,BILLMAN AND ROBINSON 2003,1055,#NAME?,1,no,NA
1456,5MT9873,NA,CVM-1657,BILLMAN AND ROBINSON 2003,1002,#NAME?,1,no,NA
1456,5MT9873,NA,CVM-1658,BILLMAN AND ROBINSON 2003,1064,RB,3,no,NA
1456,5MT9873,NA,CVM-1659,BILLMAN AND ROBINSON 2003,1060,+R,3,no,NA
1456,5MT9873,NA,CVM-1660,BILLMAN AND ROBINSON 2003,1035,#NAME?,1,no,NA
1456,5MT9873,NA,CVM-1661,BILLMAN AND ROBINSON 2003,1013,#NAME?,1,no,NA
1456,5MT9873,NA,CVM-1662,BILLMAN AND ROBINSON 2003,937,++R,3,no,NA
1456,5MT9873,NA,CVM-1663,BILLMAN AND ROBINSON 2003,1061,+R,3,no,NA
1456,5MT9873,NA,CVM-1664,BILLMAN AND ROBINSON 2003,938,#NAME?,1,no,NA
1456,5MT9873,NA,CVM-1665,BILLMAN AND ROBINSON 2003,1056,#NAME?,3,no,NA
1456,5MT9873,NA,CVM-1666,BILLMAN AND ROBINSON 2003,989,VV,1,no,NA
1456,5MT9873,NA,CVM-1669,BILLMAN AND ROBINSON 2003,1061,+R,3,no,NA
1456,5MT9873,NA,CVM-1670,BILLMAN AND ROBINSON 2003,1045,#NAME?,1,no,NA
1456,5MT9873,NA,CVM-1672,BILLMAN AND ROBINSON 2003,1061,#NAME?,3,no,NA
1456,5MT9873,NA,CVM-1674,BILLMAN AND ROBINSON 2003,1064,R,3,no,NA
1456,5MT9873,NA,CVM-1675,BILLMAN AND ROBINSON 2003,1056,VV,1,no,NA
1456,5MT9873,NA,CVM-1676,BILLMAN AND ROBINSON 2003,1064,V,2,no,NA
1456,5MT9873,NA,CVM-1677,BILLMAN AND ROBINSON 2003,1063,+R,3,no,NA
1456,5MT9873,NA,CVM-1678,BILLMAN AND ROBINSON 2003,1030,#NAME?,3,no,NA
1456,5MT9873,NA,CVM-1679,BILLMAN AND ROBINSON 2003,1061,+R,3,no,NA
1456,5MT9873,NA,CVM-1680,BILLMAN AND ROBINSON 2003,1035,#NAME?,3,no,NA
1456,5MT9873,NA,CVM-1681,BILLMAN AND ROBINSON 2003,1034,VV,1,no,NA
1456,5MT9873,NA,CVM-1682,BILLMAN AND ROBINSON 2003,919,#NAME?,1,no,NA
1456,5MT9873,NA,CVM-1684,BILLMAN AND ROBINSON 2003,1063,+R,3,no,NA
1456,5MT9873,NA,CVM-1685,BILLMAN AND ROBINSON 2003,973,VV,1,no,NA
1456,5MT9873,NA,CVM-1686,BILLMAN AND ROBINSON 2003,1062,+R,3,no,NA
1456,5MT9873,NA,CVM-1687,BILLMAN AND ROBINSON 2003,1036,#NAME?,1,no,NA
1456,5MT9873,NA,CVM-1688,BILLMAN AND ROBINSON 2003,1045,#NAME?,1,no,NA
1456,5MT9873,NA,CVM-1689,BILLMAN AND ROBINSON 2003,1038,#NAME?,1,no,NA
1501,5MF5216,DISAPPOINTMENT DRAW,UTE-132,MARTIN PERSONAL COMMUNICATION,1870,#NAME?,1,no,NA
1501,5MF5216,DISAPPOINTMENT DRAW,UTE-133,MARTIN PERSONAL COMMUNICATION,1834,VV,1,no,NA
1501,5MF5216,DISAPPOINTMENT DRAW,UTE-134,MARTIN PERSONAL COMMUNICATION,1883,#NAME?,2,no,NA
1501,5MF5216,DISAPPOINTMENT DRAW,UTE-139,MARTIN PERSONAL COMMUNICATION,1893,V,2,no,NA
1502,5ME469,DECKER BIG TANK,UT3-130,MORRIS 1991,1795,#NAME?,3,no,NA
1503,5RB266,WENGER CAMP,5RB266-1,MARTIN PERSONAL COMMUNICATION,1914,B,3,no,NA
1503,5RB266,WENGER CAMP,5RB266-2,MARTIN PERSONAL COMMUNICATION,1913,VV,1,no,NA
1503,5RB266,WENGER CAMP,5RB266-3,MARTIN PERSONAL COMMUNICATION,1911,VV,1,no,NA
1504,5RB2624,RADER'S WICKIUP VILLAGE,5RB2624-1,MARTIN PERSONAL COMMUNICATION,1883,RB,3,no,NA
1505,5RB18,TWO TALL POLE WICKIUP VILLAGE,5RB18-S18,MARTIN PERSONAL COMMUNICATION,1915,GB,3,no,NA
1505,5RB18,TWO TALL POLE WICKIUP VILLAGE,5RB18-S4,MARTIN PERSONAL COMMUNICATION,1844,VV,1,no,NA
1506,5RB563,UTE HUNTERS' CAMP,5RB563-S329,MARTIN PERSONAL COMMUNICATION,1876,VV,1,no,NA
1506,5RB563,UTE HUNTERS' CAMP,5RB563-S340,MORRIS 1991,1878,VV,1,no,NA
1506,5RB563,UTE HUNTERS' CAMP,5RB563-S341,MARTIN PERSONAL COMMUNICATION,1868,VV,1,no,NA
1506,5RB563,UTE HUNTERS' CAMP,5RB563-S344,MARTIN PERSONAL COMMUNICATION,1881,RB,3,no,NA
1506,5RB563,UTE HUNTERS' CAMP,5RB563-S61,MARTIN PERSONAL COMMUNICATION,1879,#NAME?,2,no,NA
1506,5RB563,UTE HUNTERS' CAMP,5RB563-S62,MARTIN PERSONAL COMMUNICATION,1875,VV,1,no,NA
1506,5RB563,UTE HUNTERS' CAMP,5RB563-S65,MARTIN PERSONAL COMMUNICATION,1870,VV,1,no,NA
1507,5RB2930,NA,5RB2930-S3,MARTIN PERSONAL COMMUNICATION,1885,RB,3,no,NA
1508,5RB4331,BLACK SULPHUR CREEK WICKIUP SITE,5RB4331-S1,MARTIN PERSONAL COMMUNICATION,1815,VV,1,no,NA
1509,5RB4338,BEAD VILLAGE,5RB4338-S1,MARTIN PERSONAL COMMUNICATION,1867,V,2,no,NA
1509,5RB4338,BEAD VILLAGE,5RB4338-S2,MARTIN PERSONAL COMMUNICATION,1866,VV,1,no,NA
1509,5RB4338,BEAD VILLAGE,5RB4338-S3,MARTIN PERSONAL COMMUNICATION,1862,VV,1,no,NA
1509,5RB4338,BEAD VILLAGE,5RB4338-S4,MARTIN PERSONAL COMMUNICATION,1867,V,2,no,NA
1510,5ME974,NA,5ME974-S7,MARTIN PERSONAL COMMUNICATION,1885,NA,3,no,NA
1510,5ME974,NA,5ME974-S9,MARTIN PERSONAL COMMUNICATION,1896,NA,3,no,NA
1511,5RB6555,NA,5RB6555-S19,MARTIN PERSONAL COMMUNICATION,1837,VV,1,no,NA
1512,5RB509,PERFORATED CAN,5RB509-S19,MARTIN PERSONAL COMMUNICATION,1857,VV,1,no,NA
1513,5RB568,NA,5RB568-S1,MARTIN PERSONAL COMMUNICATION,1859,VV,1,no,NA
1513,5RB568,NA,5RB568-S2,MARTIN PERSONAL COMMUNICATION,1803,#NAME?,1,no,NA
1513,5RB568,NA,5RB568-S4,MARTIN PERSONAL COMMUNICATION,1877,RB,3,no,NA
1513,5RB568,NA,5RB568-S5,MARTIN PERSONAL COMMUNICATION,1875,VV,1,no,NA
1513,5RB568,NA,5RB568-S6,MARTIN PERSONAL COMMUNICATION,1792,VV,1,no,NA
1513,5RB568,NA,5RB568-S7,MARTIN PERSONAL COMMUNICATION,1877,LG,3,no,NA
1513,5RB568,NA,5RB568-S8,MARTIN PERSONAL COMMUNICATION,1800,#NAME?,1,no,NA
1513,5RB568,NA,5RB568-S9,MARTIN PERSONAL COMMUNICATION,1771,VV,1,no,NA
1630,LA3918,LARGO GAP,31G-85,KK spreadsheet,1279,vv,1,no,NA
1630,LA3918,LARGO GAP,LGGH-5269,Safi spreadsheet,1030,vv,1,no,NA
1630,LA3918,LARGO GAP,LGGH-5269a,Safi spreadsheet,1046,vv,1,no,NA
1630,LA3918,LARGO GAP,LGGH-5144,Safi spreadsheet,1070,vv,1,no,NA
1630,LA3918,LARGO GAP,LGGH-4977,Safi spreadsheet,1039,#NAME?,1,no,NA
1630,LA3918,LARGO GAP,LGGH-5149,Safi spreadsheet,1057,#NAME?,1,no,NA
1630,LA3918,LARGO GAP,LGGH-4951,Safi spreadsheet,1116,vv,1,no,NA
1630,LA3918,LARGO GAP,LGGH-4858,Safi spreadsheet,1066,vv,1,no,NA
1630,LA3918,LARGO GAP,LGGH-4605,Safi spreadsheet,1069,vv,1,no,NA
1630,LA3918,LARGO GAP,LGGH-4641,Safi spreadsheet,1117,vv,1,no,NA
1630,LA3918,LARGO GAP,LGGH-4727,Safi spreadsheet,1117,vv,1,no,NA
1630,LA3918,LARGO GAP,LGGH-4735,Safi spreadsheet,1069,vv,1,no,NA
1630,LA3918,LARGO GAP,LGGH-4684,Safi spreadsheet,1117,vv,1,no,NA
1630,LA3918,LARGO GAP,LGGH-4787,Safi spreadsheet,1117,vv,1,no,NA
1630,LA3918,LARGO GAP,LGGH-4811,Safi spreadsheet,1117,vv,1,no,NA
1630,LA3918,LARGO GAP,LGGH-4888,Safi spreadsheet,1117,vv,1,no,NA
1632,AZ Q:16:3,COYOTE CREEK,AQM-11,KK spreadsheet,1280,vv,1,no,NA
1632,AZ Q:16:3,COYOTE CREEK,AQM-13,KK spreadsheet,1208,vv,1,no,NA
1632,AZ Q:16:3,COYOTE CREEK,AQM-14,KK spreadsheet,1269,vv,1,no,NA
1632,AZ Q:16:3,COYOTE CREEK,AQM-17,KK spreadsheet,1260,vv,1,no,NA
1632,AZ Q:16:3,COYOTE CREEK,AQM-18,KK spreadsheet,1199,vv,1,no,NA
1632,AZ Q:16:3,COYOTE CREEK,AQM-20,KK spreadsheet,1056,vv,1,no,NA
1632,AZ Q:16:3,COYOTE CREEK,AQM-22,KK spreadsheet,1015,vv,1,no,NA
1632,AZ Q:16:3,COYOTE CREEK,AQM-23,KK spreadsheet,998,vv,1,no,NA
1632,AZ Q:16:3,COYOTE CREEK,AQM-24,KK spreadsheet,1194,vv,1,no,NA
1632,AZ Q:16:3,COYOTE CREEK,AQM-25,KK spreadsheet,1060,c,3,no,NA
1632,AZ Q:16:3,COYOTE CREEK,AQM-26,KK spreadsheet,1193,r,3,no,NA
1632,AZ Q:16:3,COYOTE CREEK,AQM-28,KK spreadsheet,1193,cB,3,no,NA
1632,AZ Q:16:3,COYOTE CREEK,AQM-29,KK spreadsheet,1193,cB,3,no,NA
1632,AZ Q:16:3,COYOTE CREEK,AQM-30,KK spreadsheet,1104,vv,1,no,NA
1632,AZ Q:16:3,COYOTE CREEK,AQM-31,KK spreadsheet,1123,vv,1,no,NA
1632,AZ Q:16:3,COYOTE CREEK,AQM-34,KK spreadsheet,1224,vv,1,no,NA
1632,AZ Q:16:3,COYOTE CREEK,AQM-36,KK spreadsheet,1181,vv,1,no,NA
1632,AZ Q:16:3,COYOTE CREEK,AQM-37,KK spreadsheet,1181,vv,1,no,NA
1632,AZ Q:16:3,COYOTE CREEK,AQM-38,KK spreadsheet,1191,vv,1,no,NA
1632,AZ Q:16:3,COYOTE CREEK,AQM-40,KK spreadsheet,1174,vv,1,no,NA
1632,AZ Q:16:3,COYOTE CREEK,AQM-41,KK spreadsheet,1174,vv,1,no,NA
1632,AZ Q:16:3,COYOTE CREEK,AQM-42,KK spreadsheet,1181,r,3,no,NA
1632,AZ Q:16:3,COYOTE CREEK,AQM-43,KK spreadsheet,1175,c,3,no,NA
1632,AZ Q:16:3,COYOTE CREEK,AQM-44,KK spreadsheet,1184,c,3,no,NA
1632,AZ Q:16:3,COYOTE CREEK,AQM-45,KK spreadsheet,1193,r,3,no,NA
1632,AZ Q:16:3,COYOTE CREEK,AQM-46,KK spreadsheet,1181,c,3,no,NA
1632,AZ Q:16:3,COYOTE CREEK,AQM-47,KK spreadsheet,1181,r,3,no,NA
1632,AZ Q:16:3,COYOTE CREEK,AQM-48,KK spreadsheet,1178,+r,3,no,NA
1632,AZ Q:16:3,COYOTE CREEK,AQM-49,KK spreadsheet,1181,r,3,no,NA
1632,AZ Q:16:3,COYOTE CREEK,AQM-50,KK spreadsheet,1193,rB,3,no,NA
1632,AZ Q:16:3,COYOTE CREEK,AQM-51,KK spreadsheet,1191,r,3,no,NA
1632,AZ Q:16:3,COYOTE CREEK,AQM-52,KK spreadsheet,1175,r,3,no,NA
1632,AZ Q:16:3,COYOTE CREEK,AQM-53,KK spreadsheet,1175,r,3,no,NA
1632,AZ Q:16:3,COYOTE CREEK,AQM-54,KK spreadsheet,1187,v,2,no,NA
1632,AZ Q:16:3,COYOTE CREEK,AQM-55,KK spreadsheet,1193,r,3,no,NA
1632,AZ Q:16:3,COYOTE CREEK,AQM-56,KK spreadsheet,1123,vv,1,no,NA
1632,AZ Q:16:3,COYOTE CREEK,AQM-57,KK spreadsheet,1166,vv,1,no,NA
1632,AZ Q:16:3,COYOTE CREEK,AQM-58,KK spreadsheet,1172,vv,1,no,NA
1632,AZ Q:16:3,COYOTE CREEK,AQM-59,KK spreadsheet,1176,vv,1,no,NA
1632,AZ Q:16:3,COYOTE CREEK,AQM-60,KK spreadsheet,1176,vv,1,no,NA
1632,AZ Q:16:3,COYOTE CREEK,AQM-62,KK spreadsheet,1181,vv,1,no,NA
1632,AZ Q:16:3,COYOTE CREEK,AQM-63,KK spreadsheet,1277,r,3,no,NA
1632,AZ Q:16:3,COYOTE CREEK,AQM-64,KK spreadsheet,1199,vv,1,no,NA
1632,AZ Q:16:3,COYOTE CREEK,AQM-69,KK spreadsheet,1185,vv,1,no,NA
1632,AZ Q:16:3,COYOTE CREEK,AQM-7,KK spreadsheet,1266,v,2,no,NA
1632,AZ Q:16:3,COYOTE CREEK,AQM-70,KK spreadsheet,1160,vv,1,no,NA
1632,AZ Q:16:3,COYOTE CREEK,AQM-73,KK spreadsheet,1232,vv,1,no,NA
1632,AZ Q:16:3,COYOTE CREEK,AQM-74,KK spreadsheet,1176,vv,1,no,NA
1632,AZ Q:16:3,COYOTE CREEK,AQM-76,KK spreadsheet,1243,vv,1,no,NA
1632,AZ Q:16:3,COYOTE CREEK,AQM-77,KK spreadsheet,1270,vv,1,no,NA
1632,AZ Q:16:3,COYOTE CREEK,AQM-79,KK spreadsheet,1194,vv,1,no,NA
1632,AZ Q:16:3,COYOTE CREEK,AQM-8,KK spreadsheet,1235,v,2,no,NA
1632,AZ Q:16:3,COYOTE CREEK,AQM-80,KK spreadsheet,1181,vv,1,no,NA
1632,AZ Q:16:3,COYOTE CREEK,AQM-82,KK spreadsheet,1193,r,3,no,NA
1632,AZ Q:16:3,COYOTE CREEK,AQM-83,KK spreadsheet,1241,vv,1,no,NA
1632,AZ Q:16:3,COYOTE CREEK,AQM-84,KK spreadsheet,1248,vv,1,no,NA
1632,AZ Q:16:3,COYOTE CREEK,AQM-9,KK spreadsheet,1236,v,2,no,NA
1633,LA13681,Cox Ranch Pueblo,CRG-192,Duff,1024,vv,1,no,NA
1633,LA13681,Cox Ranch Pueblo,CRG-197,Duff,1090,r,3,no,NA
1633,LA13681,Cox Ranch Pueblo,CRG-198,Duff,1089,vv,1,no,NA
1633,LA13681,Cox Ranch Pueblo,CRG-201,Duff,1121,#NAME?,1,no,NA
1633,LA13681,Cox Ranch Pueblo,"CRG-98a,b",Duff,1104,+r,2,no,NA
1633,LA13681,Cox Ranch Pueblo,CRG-99,Duff,1103,+r,2,no,NA
1633,LA13681,Cox Ranch Pueblo,CRG-100,Duff,1103,+r,2,no,NA
1633,LA13681,Cox Ranch Pueblo,CRG-101,Duff,1104,+r,2,no,NA
1633,LA13681,Cox Ranch Pueblo,CRG-103,Duff,1103,v,2,no,NA
1633,LA13681,Cox Ranch Pueblo,CRG-106,Duff,1104,#NAME?,2,no,NA
1633,LA13681,Cox Ranch Pueblo,CRG-107,Duff,1103,+r,2,no,NA
1633,LA13681,Cox Ranch Pueblo,CRG-108,Duff,1104,#NAME?,1,no,NA
1633,LA13681,Cox Ranch Pueblo,CRG-109,Duff,1104,+r,2,no,NA
1633,LA13681,Cox Ranch Pueblo,CRG-110,Duff,1104,#NAME?,1,no,NA
1633,LA13681,Cox Ranch Pueblo,CRG-111,Duff,1103,+r,2,no,NA
1633,LA13681,Cox Ranch Pueblo,CRG-112,Duff,1103,+r,2,no,NA
1633,LA13681,Cox Ranch Pueblo,CRG-113,Duff,1110,vv,1,no,NA
1633,LA13681,Cox Ranch Pueblo,CRG-114,Duff,1104,+r,2,no,NA
1633,LA13681,Cox Ranch Pueblo,CRG-115,Duff,1104,+r,2,no,NA
1633,LA13681,Cox Ranch Pueblo,CRG-116,Duff,1104,#NAME?,1,no,NA
1633,LA13681,Cox Ranch Pueblo,CRG-117,Duff,1104,+r,2,no,NA
1633,LA13681,Cox Ranch Pueblo,CRG-118,Duff,1103,+r,2,no,NA
1633,LA13681,Cox Ranch Pueblo,CRG-120,Duff,1123,#NAME?,1,no,NA
1633,LA13681,Cox Ranch Pueblo,CRG-122,Duff,1103,+r,2,no,NA
1633,LA13681,Cox Ranch Pueblo,CRG-125,Duff,1096,vv,1,no,NA
1633,LA13681,Cox Ranch Pueblo,CRG-126,Duff,1104,+r,2,no,NA
1633,LA13681,Cox Ranch Pueblo,CRG-127,Duff,1099,#NAME?,1,no,NA
1633,LA13681,Cox Ranch Pueblo,CRG-128,Duff,1110,vv,1,no,NA
1633,LA13681,Cox Ranch Pueblo,CRG-132,Duff,1102,vv,1,no,NA
1633,LA13681,Cox Ranch Pueblo,CRG-133,Duff,1106,v,2,no,NA
1633,LA13681,Cox Ranch Pueblo,CRG-134,Duff,1103,r,2,no,NA
1633,LA13681,Cox Ranch Pueblo,CRG-138,Duff,1106,v,2,no,NA
1633,LA13681,Cox Ranch Pueblo,CRG-139,Duff,1088,vv,1,no,NA
1633,LA13681,Cox Ranch Pueblo,CRG-140,Duff,1106,r,2,no,NA
1633,LA13681,Cox Ranch Pueblo,CRG-144,Duff,1106,r,2,no,NA
1633,LA13681,Cox Ranch Pueblo,CRG-145,Duff,1114,vv,1,no,NA
1633,LA13681,Cox Ranch Pueblo,CRG-147,Duff,1106,v,2,no,NA
1633,LA13681,Cox Ranch Pueblo,CRG-148,Duff,1102,vv,1,no,NA
1633,LA13681,Cox Ranch Pueblo,CRG-149,Duff,1106,r,2,no,NA
1633,LA13681,Cox Ranch Pueblo,CRG-151,Duff,1105,r,2,no,NA
1633,LA13681,Cox Ranch Pueblo,CRG-152,Duff,1101,vv,1,no,NA
1633,LA13681,Cox Ranch Pueblo,CRG-156,Duff,1102,vv,1,no,NA
1633,LA13681,Cox Ranch Pueblo,CRG-157,Duff,1103,+r,2,no,NA
1633,LA13681,Cox Ranch Pueblo,CRG-158,Duff,1105,r,2,no,NA
1633,LA13681,Cox Ranch Pueblo,CRG-159,Duff,1103,+r,2,no,NA
1633,LA13681,Cox Ranch Pueblo,CRG-160,Duff,1104,+r,2,no,NA
1633,LA13681,Cox Ranch Pueblo,CRG-161,Duff,1111,#NAME?,1,no,NA
1633,LA13681,Cox Ranch Pueblo,CRG-162,Duff,1113,vv,1,no,NA
1633,LA13681,Cox Ranch Pueblo,CRG-163,Duff,1106,#NAME?,1,no,NA
1633,LA13681,Cox Ranch Pueblo,CRG-166,Duff,1105,+r,2,no,NA
1633,LA13681,Cox Ranch Pueblo,CRG-167,Duff,1106,r,2,no,NA
1633,LA13681,Cox Ranch Pueblo,CRG-172,Duff,1037,#NAME?,1,no,NA
1633,LA13681,Cox Ranch Pueblo,CRG-173,Duff,1106,r,2,no,NA
1633,LA13681,Cox Ranch Pueblo,CRG-174,Duff,1105,r,2,no,NA
1633,LA13681,Cox Ranch Pueblo,CRG-175,Duff,1106,r,2,no,NA
1633,LA13681,Cox Ranch Pueblo,CRG-176,Duff,1106,r,2,no,NA
1633,LA13681,Cox Ranch Pueblo,CRG-178,Duff,1106,r,2,no,NA
1633,LA13681,Cox Ranch Pueblo,CRG-181,Duff,1006,vv,1,no,NA
1633,LA13681,Cox Ranch Pueblo,CRG-186,Duff,1106,vv,1,no,NA
1633,LA13681,Cox Ranch Pueblo,CRG-187,Duff,1009,vv,1,no,NA
1633,LA13681,Cox Ranch Pueblo,CRG-188,Duff,986,#NAME?,1,no,NA
1634,LA31803,Cerrro Pomo,CRG-229a-c,Duff,1006,vv,1,no,NA
1634,LA31803,Cerrro Pomo,CRG-230a-d,Duff,1210,vv,1,no,NA
1634,LA31803,Cerrro Pomo,"CRG-232a,b",Duff,1165,vv,1,no,NA
1634,LA31803,Cerrro Pomo,CRG-233a-c,Duff,1210,r,3,no,NA
1634,LA31803,Cerrro Pomo,"CRG235a,b",Duff,1202,vv,1,no,NA
1634,LA31803,Cerrro Pomo,"CRG-236a,b",Duff,1210,vv,1,no,NA
1634,LA31803,Cerrro Pomo,"CRG-238a,b",Duff,1209,+r,2,no,NA
1634,LA31803,Cerrro Pomo,CRG-241a-c,Duff,1209,+r,2,no,NA
1634,LA31803,Cerrro Pomo,CRG-243,Duff,1166,vv,1,no,NA
1634,LA31803,Cerrro Pomo,CRG-245,Duff,1210,r,3,no,NA
1634,LA31803,Cerrro Pomo,CRG-220,Duff,1193,vv,1,no,NA
1638,42SA6819,Horse Collar,NBR-657,NA,1212,#NAME?,2,no,NA
1638,42SA6819,Horse Collar,NBR-658,NA,1243,vv,1,no,NA
1638,42SA6819,Horse Collar,NBR-662,NA,1246,#NAME?,2,no,NA
1638,42SA6819,Horse Collar,NBR-663,NA,1244,#NAME?,2,no,NA
1638,42SA6819,Horse Collar,NBR-665,NA,1246,#NAME?,2,no,NA
1638,42SA6819,Horse Collar,NBR-667,NA,1250,#NAME?,2,no,NA
1638,42SA6819,Horse Collar,NBR-668,NA,1246,#NAME?,2,no,NA
1638,42SA6819,Horse Collar,NBR-669,NA,1245,#NAME?,2,no,NA
1638,42SA6819,Horse Collar,NBR-670,NA,1245,#NAME?,2,no,NA
1638,42SA6819,Horse Collar,NBR-671,NA,1247,#NAME?,2,no,NA
1638,42SA6819,Horse Collar,NBR-677,NA,1226,+r,2,no,NA
1638,42SA6819,Horse Collar,NBR-678,NA,1203,vv,1,no,NA
1638,42SA6819,Horse Collar,NBR-679,NA,1200,#NAME?,1,no,NA
1638,42SA6819,Horse Collar,NBR-682,NA,1227,#NAME?,2,no,NA
1646,LA5203,Kinsel or NM-Q-3-72,ZUN-1991,Murrell & Vierra 2014,620,#NAME?,1,no,NA
1646,LA5203,Kinsel or NM-Q-3-72,ZUN-1997,Murrell & Vierra 2014,657,#NAME?,1,no,NA
1646,LA5203,Kinsel or NM-Q-3-72,ZUN-1992,Murrell & Vierra 2014,605,#NAME?,1,no,NA
1646,LA5203,Kinsel or NM-Q-3-72,ZUN-1993,Murrell & Vierra 2014,605,#NAME?,1,no,NA
1646,LA5203,Kinsel or NM-Q-3-72,ZUN-1998,Murrell & Vierra 2014,628,#NAME?,1,no,NA
1646,LA5203,Kinsel or NM-Q-3-72,ZUN-1999,Murrell & Vierra 2014,665,+r,2,no,NA
1646,LA5203,Kinsel or NM-Q-3-72,ZUN-2000,Murrell & Vierra 2014,690,vv,1,no,NA
1646,LA5203,Kinsel or NM-Q-3-72,ZUN-2001,Murrell & Vierra 2014,677,#NAME?,1,no,NA
1646,LA5203,Kinsel or NM-Q-3-72,ZUN-2002,Murrell & Vierra 2014,596,#NAME?,1,no,NA
1646,LA5203,Kinsel or NM-Q-3-72,ZUN-2004,Murrell & Vierra 2014,596,#NAME?,1,no,NA
1646,LA5203,Kinsel or NM-Q-3-72,ZUN-1994,Murrell & Vierra 2014,596,#NAME?,1,no,NA
1646,LA5203,Kinsel or NM-Q-3-72,ZUN-1995,Murrell & Vierra 2014,655,#NAME?,1,no,NA
1646,LA5203,Kinsel or NM-Q-3-72,ZUN-1996,Murrell & Vierra 2014,644,#NAME?,1,no,NA
564,LA4195,SAMBRITO VILLAGE,RG-3533,"DITTERT, EDDY AND DICKEY N.D.",884,VV,1,no,NA
564,LA4195,SAMBRITO VILLAGE,RG-3537,"DITTERT, EDDY AND DICKEY N.D.",898,V,2,no,NA
564,LA4195,SAMBRITO VILLAGE,RG-3544,"DITTERT, EDDY AND DICKEY N.D.",874,VV,1,no,NA
564,LA4195,SAMBRITO VILLAGE,RG-3551,"DITTERT, EDDY AND DICKEY N.D.",899,R,3,no,NA
564,LA4195,SAMBRITO VILLAGE,RG-3553,"DITTERT, EDDY AND DICKEY N.D.",899,R,3,no,NA
564,LA4195,SAMBRITO VILLAGE,RG-3554,"DITTERT, EDDY AND DICKEY N.D.",899,V,2,no,NA
564,LA4195,SAMBRITO VILLAGE,RG-3556,"DITTERT, EDDY AND DICKEY N.D.",899,V,2,no,NA
564,LA4195,SAMBRITO VILLAGE,RG-3557,"DITTERT, EDDY AND DICKEY N.D.",899,VV,1,no,NA
564,LA4195,SAMBRITO VILLAGE,RG-3558,"DITTERT, EDDY AND DICKEY N.D.",899,C,3,no,NA
564,LA4195,SAMBRITO VILLAGE,RG-3565,"DITTERT, EDDY AND DICKEY N.D.",895,V,2,no,NA
564,LA4195,SAMBRITO VILLAGE,RG-3571,"DITTERT, EDDY AND DICKEY N.D.",895,V,2,no,NA
564,LA4195,SAMBRITO VILLAGE,RG-3572,"DITTERT, EDDY AND DICKEY N.D.",882,VV,1,no,NA
564,LA4195,SAMBRITO VILLAGE,RG-3574,"DITTERT, EDDY AND DICKEY N.D.",895,R,3,no,NA
564,LA4195,SAMBRITO VILLAGE,RG-3575,"DITTERT, EDDY AND DICKEY N.D.",887,R,3,no,NA
564,LA4195,SAMBRITO VILLAGE,RG-3578,"DITTERT, EDDY AND DICKEY N.D.",885,VV,1,no,NA
564,LA4195,SAMBRITO VILLAGE,RG-3581,"DITTERT, EDDY AND DICKEY N.D.",895,C,3,no,NA
564,LA4195,SAMBRITO VILLAGE,RG-3601,"DITTERT, EDDY AND DICKEY N.D.",894,C,3,no,NA
564,LA4195,SAMBRITO VILLAGE,RG-3607,"DITTERT, EDDY AND DICKEY N.D.",889,VV,1,no,NA
564,LA4195,SAMBRITO VILLAGE,RG-3608,"DITTERT, EDDY AND DICKEY N.D.",888,VV,1,no,NA
564,LA4195,SAMBRITO VILLAGE,RG-3615,"DITTERT, EDDY AND DICKEY N.D.",892,VV,1,no,NA
564,LA4195,SAMBRITO VILLAGE,RG-3616,"DITTERT, EDDY AND DICKEY N.D.",878,VV,1,no,NA
564,LA4195,SAMBRITO VILLAGE,RG-3618,"DITTERT, EDDY AND DICKEY N.D.",890,VV,1,no,NA
564,LA4195,SAMBRITO VILLAGE,RG-3619,"DITTERT, EDDY AND DICKEY N.D.",889,R,3,no,NA
564,LA4195,SAMBRITO VILLAGE,RG-3623,"DITTERT, EDDY AND DICKEY N.D.",891,VV,1,no,NA
564,LA4195,SAMBRITO VILLAGE,RG-3631,"DITTERT, EDDY AND DICKEY N.D.",890,R,3,no,NA
564,LA4195,SAMBRITO VILLAGE,RG-3827,"DITTERT, EDDY AND DICKEY N.D.",895,R,3,no,NA
564,LA4195,SAMBRITO VILLAGE,RG-3838,"DITTERT, EDDY AND DICKEY N.D.",897,VV,1,no,NA
564,LA4195,SAMBRITO VILLAGE,RG-3842,"DITTERT, EDDY AND DICKEY N.D.",876,R,3,no,NA
564,LA4195,SAMBRITO VILLAGE,RG-4039,"DITTERT, EDDY AND DICKEY N.D.",883,R,3,no,NA
564,LA4195,SAMBRITO VILLAGE,RG-4041,"DITTERT, EDDY AND DICKEY N.D.",881,V,2,no,NA
564,LA4195,SAMBRITO VILLAGE,RG-4042,"DITTERT, EDDY AND DICKEY N.D.",894,RDIT,3,no,NA
564,LA4195,SAMBRITO VILLAGE,RG-4044,"DITTERT, EDDY AND DICKEY N.D.",891,R,3,no,NA
564,LA4195,SAMBRITO VILLAGE,RG-4045,"DITTERT, EDDY AND DICKEY N.D.",890,R,3,no,NA
576,NA,IGNACIO 12:64,IF-90-1,NA,510,VV,1,no,NA
1123,5LP378,COLORADO 5 LP 378,LP378-1,CHUIPKA AND POTTER 2007,763,VV,1,no,NA
1123,5LP378,COLORADO 5 LP 378,LP378-2,CHUIPKA AND POTTER 2007,782,R,3,no,NA
1123,5LP378,COLORADO 5 LP 378,LP378-3,CHUIPKA AND POTTER 2007,790,LB,3,no,NA
1123,5LP378,COLORADO 5 LP 378,LP378-4,CHUIPKA AND POTTER 2007,793,#NAME?,1,no,NA
1272,LA80316,NA,NMB-84,"Stirniman 2002:7.46, App. L",811,#NAME?,1,no,NA
1272,LA80316,NA,NMB-82,"Stirniman 2002:7.46, App. L",1130,rGB,3,no,NA
1272,LA80316,NA,NMB-83,"Stirniman 2002:7.46, App. L",1130,vv,1,no,NA
1272,LA80316,NA,NMB-87,"Stirniman 2002:7.46, App. L",1035,#NAME?,1,no,NA
1275,5LP379,NA,LP379-1,CHUIPKA AND POTTER 2007,727,VV,1,no,NA
1277,LA80321,NA,TRL-702,"Diederichs 2002:10.13, App. L (Str. 5)",834,vv,1,no,NA
1277,LA80321,NA,TRL-703,"Diederichs 2002:10.13, App. L (Str. 5)",792,vv,1,no,NA
1277,LA80321,NA,TRL-705,"Diederichs 2002:10.13, App. L (Str. 5)",715,#NAME?,1,no,NA
1277,LA80321,NA,TRL-706,"Diederichs 2002:10.13, App. L (Str. 5)",804,vv,1,no,NA
1497,5LP110,NA,DUR-100,GOODING 1980,675,VV,1,no,NA
1497,5LP110,NA,DUR-103,GOODING 1980,776,VV,1,no,NA
1497,5LP110,NA,DUR-104,GOODING 1980,752,VV,1,no,NA
1497,5LP110,NA,DUR-106,GOODING 1980,766,R,3,no,NA
1497,5LP110,NA,DUR-91,GOODING 1980,775,V,2,no,NA
1497,5LP110,NA,DUR-94,GOODING 1980,744,VV,1,no,NA
1497,5LP110,NA,DUR-95,GOODING 1980,765,VV,1,no,NA
1497,5LP110,NA,DUR-96,GOODING 1980,765,VV,1,no,NA
1497,5LP110,NA,DUR-97,GOODING 1980,774,VV,1,no,NA
1497,5LP110,NA,DUR-98,GOODING 1980,776,V,2,no,NA
1497,5LP110,NA,DUR-99,GOODING 1980,766,VV,1,no,NA
1498,5LP481,NA,DUR-128,FULLER 1988,647,#NAME?,1,no,NA
1498,5LP481,NA,DUR-130,FULLER 1988,698,VV,1,no,NA
1498,5LP481,NA,DUR-132,FULLER 1988,759,V,2,no,NA
1498,5LP481,NA,DUR-133,FULLER 1988,759,VV,1,no,NA
1498,5LP481,NA,DUR-134,FULLER 1988,760,+R,3,no,NA
1498,5LP481,NA,DUR-135,FULLER 1988,758,V,2,no,NA
1498,5LP481,NA,DUR-136,FULLER 1988,762,VV,1,no,NA
1498,5LP481,NA,DUR-138,FULLER 1988,652,VV,1,no,NA
1498,5LP481,NA,DUR-140,FULLER 1988,622,VV,1,no,NA
1499,5EA2740,PISGAH MNT.  WICKIUP VILLAGE,UTE-143,MARTIN PERSONAL COMMUNICATION,1853,RB,3,no,NA
1499,5EA2740,PISGAH MNT.  WICKIUP VILLAGE,UTE-144,MARTIN PERSONAL COMMUNICATION,1853,RB,3,no,NA
1499,5EA2740,PISGAH MNT.  WICKIUP VILLAGE,UTE-145,MARTIN PERSONAL COMMUNICATION,1836,VV,1,no,NA
1499,5EA2740,PISGAH MNT.  WICKIUP VILLAGE,UTE-146,MARTIN PERSONAL COMMUNICATION,1851,#NAME?,1,no,NA
1499,5EA2740,PISGAH MNT.  WICKIUP VILLAGE,UTE-147,MARTIN PERSONAL COMMUNICATION,1868,#NAME?,3,no,NA
1499,5EA2740,PISGAH MNT.  WICKIUP VILLAGE,UTE-148,MARTIN PERSONAL COMMUNICATION,1850,V,2,no,NA
1499,5EA2740,PISGAH MNT.  WICKIUP VILLAGE,UTE-149,MARTIN PERSONAL COMMUNICATION,1853,RB,3,no,NA
1499,5EA2740,PISGAH MNT.  WICKIUP VILLAGE,UTE-153,MARTIN PERSONAL COMMUNICATION,1852,#NAME?,2,no,NA
1499,5EA2740,PISGAH MNT.  WICKIUP VILLAGE,UTE-154,MARTIN PERSONAL COMMUNICATION,1853,VV,1,no,NA
1499,5EA2740,PISGAH MNT.  WICKIUP VILLAGE,UTE-155,MARTIN PERSONAL COMMUNICATION,1918,V,2,no,NA
1499,5EA2740,PISGAH MNT.  WICKIUP VILLAGE,UTE-157,MARTIN PERSONAL COMMUNICATION,1826,VV,1,no,NA
1499,5EA2740,PISGAH MNT.  WICKIUP VILLAGE,UTE-158,MARTIN PERSONAL COMMUNICATION,1853,VV,1,no,NA
1499,5EA2740,PISGAH MNT.  WICKIUP VILLAGE,UTE-159,MARTIN PERSONAL COMMUNICATION,1919,#NAME?,1,no,NA
1499,5EA2740,PISGAH MNT.  WICKIUP VILLAGE,UTE-160,MARTIN PERSONAL COMMUNICATION,1979,RLB,3,no,NA
1499,5EA2740,PISGAH MNT.  WICKIUP VILLAGE,UTE-161,MARTIN PERSONAL COMMUNICATION,1849,VV,1,no,NA
1499,5EA2740,PISGAH MNT.  WICKIUP VILLAGE,UTE-162,MARTIN PERSONAL COMMUNICATION,1921,#NAME?,3,no,NA
1499,5EA2740,PISGAH MNT.  WICKIUP VILLAGE,UTE-163A,MARTIN PERSONAL COMMUNICATION,1822,VV,1,no,NA
1499,5EA2740,PISGAH MNT.  WICKIUP VILLAGE,UTE-163B,MARTIN PERSONAL COMMUNICATION,1920,VV,1,no,NA
1500,5DT222,BLACK CANYON,UTE-178,MARTIN PERSONAL COMMUNICATION,1904,#NAME?,1,no,NA
1500,5DT222,BLACK CANYON,UTE-179,MARTIN PERSONAL COMMUNICATION,1901,#NAME?,1,no,NA
1500,5DT222,BLACK CANYON,UTE-180,MARTIN PERSONAL COMMUNICATION,1901,#NAME?,3,no,NA
1500,5DT222,BLACK CANYON,UTE-181,MARTIN PERSONAL COMMUNICATION,1901,VV,1,no,NA
1500,5DT222,BLACK CANYON,UTE-182,MARTIN PERSONAL COMMUNICATION,1900,#NAME?,3,no,NA
1500,5DT222,BLACK CANYON,UTE-183,MARTIN PERSONAL COMMUNICATION,1900,#NAME?,3,no,NA
1500,5DT222,BLACK CANYON,UTE-184,MARTIN PERSONAL COMMUNICATION,1903,#NAME?,1,no,NA
1645,LA3369,NA,NMB-108,Blair 1997,799,vv,1,no,NA
